{  "country": "PT",  "port_name": "HORTA",  "port_latitude": "38.533333",  "port_longitude": "-28.633333"}
{  "country": "PT",  "port_name": "PRAIA DE VITORIA",  "port_latitude": "38.716667",  "port_longitude": "-27.05"}
{  "country": "PT",  "port_name": "PONTA DELGADA",  "port_latitude": "37.733333",  "port_longitude": "-25.666667"}
{  "country": "PT",  "port_name": "FUNCHAL",  "port_latitude": "32.633333",  "port_longitude": "-16.916667"}
{  "country": "CA",  "port_name": "ST JOHN\u0027S",  "port_latitude": "47.566667",  "port_longitude": "-52.7"}
